Date,Model,Score_text,Votes_text,Score_code,Votes_code,Rank_Overall,Rank_Expert,Rank_Hard_Prompts,Rank_Coding,Rank_Math,Rank_Creative_Writing,Rank_Instruction_Following,Rank_Longer_Query,Score_vision,Votes_vision,Score_search,Votes_search,Score_text_to_image,Votes_text_to_image,Score_image_edit,Votes_image_edit,Score_text_to_video,Votes_text_to_video,Score_image_to_video,Votes_image_to_video
2026-02-27,claude-opus-4-6-thinking,1503.0,6583.0,1553.0,2182.0,1.0,2.0,1.0,1.0,2.0,1.0,1.0,1.0,,,,,,,,,,,,
2026-02-27,claude-opus-4-6,1503.0,7454.0,1560.0,2845.0,2.0,1.0,2.0,2.0,4.0,5.0,2.0,2.0,,,,,,,,,,,,
2026-02-27,gemini-3.1-pro-preview,1500.0,4052.0,1461.0,1826.0,3.0,3.0,3.0,3.0,1.0,4.0,3.0,3.0,1278.0,3483.0,,,,,,,,,,
2026-02-27,grok-4.20-beta1,1495.0,3818.0,,,4.0,14.0,5.0,5.0,6.0,3.0,9.0,15.0,,,1225.0,4687.0,,,,,,,,
2026-02-27,gemini-3-pro,1486.0,38248.0,1443.0,17027.0,5.0,7.0,6.0,11.0,5.0,2.0,8.0,5.0,1288.0,12595.0,,,,,,,,,,
2026-02-27,gpt-5.2-chat-latest-20260210,1481.0,3605.0,,,6.0,4.0,4.0,6.0,3.0,8.0,6.0,11.0,1271.0,1442.0,,,,,,,,,,
2026-02-27,gemini-3-flash,1473.0,29334.0,1441.0,12934.0,7.0,9.0,10.0,16.0,8.0,7.0,12.0,12.0,1276.0,11557.0,,,,,,,,,,
2026-02-27,grok-4.1-thinking,1473.0,37474.0,,,8.0,15.0,12.0,17.0,21.0,18.0,26.0,27.0,,,,,,,,,,,,
2026-02-27,claude-opus-4-5-20251101-thinking-32k,1471.0,30541.0,1499.0,11149.0,9.0,6.0,7.0,4.0,13.0,6.0,4.0,4.0,,,,,,,,,,,,
2026-02-27,Bytedancedola-seed-2.0-preview,1470.0,4620.0,,,10.0,10.0,9.0,7.0,9.0,31.0,15.0,21.0,1260.0,1989.0,,,,,,,,,,
2026-02-27,claude-sonnet-4-6,,,1531.0,1839.0,14.0,11.0,11.0,8.0,7.0,14.0,5.0,7.0,,,,,,,,,,,,
2026-02-27,gpt-5.2-high,,,1471.0,1696.0,28.0,17.0,26.0,25.0,12.0,46.0,28.0,37.0,1247.0,5078.0,,,,,,,,,,
2026-02-27,claude-opus-4-5-20251101,,,1471.0,11239.0,11.0,5.0,8.0,9.0,11.0,9.0,7.0,6.0,,,,,,,,,,,,
2026-02-27,glm-5,,,1451.0,2621.0,16.0,19.0,22.0,24.0,18.0,20.0,17.0,22.0,,,,,,,,,,,,
2026-02-27,gemini-3-flash (thinking-minimal),,,,,13.0,20.0,15.0,20.0,14.0,13.0,18.0,14.0,1260.0,9609.0,,,,,,,,,,
2026-02-27,gpt-5.1-high,,,,,15.0,18.0,20.0,26.0,16.0,19.0,16.0,16.0,1249.0,9246.0,,,,,,,,,,
2026-02-27,MoonshotAIkimi-k2.5-thinking,,,,,19.0,12.0,21.0,12.0,10.0,27.0,22.0,18.0,1248.0,5181.0,,,,,,,,,,
2026-02-27,gemini-2.5-pro,,,,,22.0,24.0,29.0,47.0,20.0,10.0,19.0,20.0,1248.0,81050.0,,,,,,,,,,
2026-02-27,gemini-3.1-flash-image-preview (nano-banana-2) [web-search],,,,,,,,,,,,,,,,,1280.0,2965.0,1401.0,10430.0,,,,
2026-02-27,gpt-image-1.5-high-fidelity,,,,,,,,,,,,,,,,,1248.0,49585.0,1386.0,243782.0,,,,
2026-02-27,gemini-3-pro-image-preview-2k (nano-banana-pro),,,,,,,,,,,,,,,,,1238.0,47724.0,1398.0,212722.0,,,,
2026-02-27,gemini-3-pro-image-preview (nano-banana-pro),,,,,,,,,,,,,,,,,1233.0,83644.0,1394.0,521460.0,,,,
2026-02-27,reve-v1.5,,,,,,,,,,,,,,,,,1178.0,8013.0,,,,,,
2026-02-27,grok-imagine-image,,,,,,,,,,,,,,,,,1176.0,26644.0,1318.0,98721.0,,,,
2026-02-27,Fluxflux-2-max,,,,,,,,,,,,,,,,,1168.0,54574.0,,,,,,
2026-02-27,grok-imagine-image-pro,,,,,,,,,,,,,,,,,1163.0,27934.0,1323.0,96055.0,,,,
2026-02-27,Fluxflux-2-flex,,,,,,,,,,,,,,,,,1158.0,73672.0,,,,,,
2026-02-27,Fluxflux-2-pro,,,,,,,,,,,,,,,,,1156.0,85731.0,,,,,,
2026-02-27,chatgpt-image-latest-high-fidelity (20251216),,,,,,,,,,,,,,,,,,,1407.0,225401.0,,,,
2026-02-27,Bytedanceseedream-4.5,,,,,,,,,,,,,,,,,,,1316.0,408364.0,,,,
2026-02-27,hunyuan-image-3.0-instruct,,,,,,,,,,,,,,,,,,,1313.0,94780.0,,,,
2026-02-27,gemini-2.5-flash-image-preview (nano-banana),,,,,,,,,,,,,,,,,,,1311.0,10539263.0,,,,
2026-02-27,claude-opus-4-6-search,,,,,,,,,,,,,,,1255.0,3607.0,,,,,,,,
2026-02-27,gpt-5.2-search,,,,,,,,,,,,,,,1219.0,20150.0,,,,,,,,
2026-02-27,gemini-3-flash-grounding,,,,,,,,,,,,,,,1218.0,25311.0,,,,,,,,
2026-02-27,gemini-3-pro-grounding,,,,,,,,,,,,,,,1214.0,31966.0,,,,,,,,
2026-02-27,gpt-5.1-search,,,,,,,,,,,,,,,1210.0,23283.0,,,,,,,,
2026-02-27,claude-sonnet-4-6-search,,,,,,,,,,,,,,,1203.0,3602.0,,,,,,,,
2026-02-27,gpt-5.2-search-non-reasoning,,,,,,,,,,,,,,,1183.0,20045.0,,,,,,,,
2026-02-27,grok-4-1-fast-search,,,,,,,,,,,,,,,1181.0,26758.0,,,,,,,,
2026-02-27,grok-4-fast-search,,,,,,,,,,,,,,,1173.0,42193.0,,,,,,,,
2026-02-27,veo-3.1-audio-1080p,,,,,,,,,,,,,,,,,,,,,1381.0,5543.0,1402.0,9795.0
2026-02-27,veo-3.1-fast-audio-1080p,,,,,,,,,,,,,,,,,,,,,1379.0,5743.0,1383.0,10275.0
2026-02-27,veo-3.1-audio,,,,,,,,,,,,,,,,,,,,,1371.0,12606.0,1395.0,23408.0
2026-02-27,veo-3.1-fast-audio,,,,,,,,,,,,,,,,,,,,,1367.0,23110.0,1380.0,46039.0
2026-02-27,sora-2-pro,,,,,,,,,,,,,,,,,,,,,1367.0,17671.0,,
2026-02-27,grok-imagine-video-720p,,,,,,,,,,,,,,,,,,,,,1357.0,27719.0,1406.0,49449.0
2026-02-27,veo-3-fast-audio,,,,,,,,,,,,,,,,,,,,,1350.0,25767.0,,
2026-02-27,sora-2,,,,,,,,,,,,,,,,,,,,,1341.0,23105.0,,
2026-02-27,veo-3-audio,,,,,,,,,,,,,,,,,,,,,1340.0,19331.0,1331.0,34535.0
2026-02-27,wan2.6-t2v,,,,,,,,,,,,,,,,,,,,,1340.0,3321.0,,
2026-02-27,grok-imagine-video-480p,,,,,,,,,,,,,,,,,,,,,,,1380.0,19536.0
2026-02-27,vidu-q3-pro,,,,,,,,,,,,,,,,,,,,,,,1352.0,37085.0
2026-02-27,wan2.5-i2v-preview,,,,,,,,,,,,,,,,,,,,,,,1339.0,12022.0
2026-02-27,kling-v3-pro,,,,,,,,,,,,,,,,,,,,,,,1337.0,1377.0
2026-02-27,grok-4.1,,,,,12.0,28.0,17.0,23.0,34.0,21.0,25.0,24.0,,,,,,,,,,,,
2026-02-27,qwen3.5-397b-a17b,,,,,17.0,30.0,19.0,19.0,23.0,26.0,20.0,19.0,,,,,,,,,,,,
2026-02-27,ernie-5.0-0110,,,,,18.0,35.0,23.0,27.0,15.0,23.0,27.0,31.0,,,,,,,,,,,,
2026-02-27,claude-sonnet-4-5-20250929-thinking-32k,,,,,20.0,8.0,13.0,10.0,17.0,15.0,10.0,9.0,,,,,,,,,,,,
2026-02-27,claude-sonnet-4-5-20250929,,,,,21.0,13.0,16.0,14.0,39.0,11.0,13.0,10.0,,,,,,,,,,,,
2026-02-27,ernie-5.0-preview-1203,,,,,23.0,36.0,27.0,38.0,58.0,25.0,35.0,47.0,,,,,,,,,,,,
2026-02-27,claude-opus-4-1-20250805-thinking-16k,,,,,24.0,16.0,14.0,13.0,22.0,12.0,11.0,8.0,,,,,,,,,,,,
2026-02-27,claude-opus-4-1-20250805,,,,,25.0,23.0,18.0,18.0,30.0,16.0,14.0,13.0,,,,,,,,,,,,
2026-02-27,gpt-4.5-preview-2025-02-27,,,,,26.0,58.0,47.0,56.0,59.0,17.0,24.0,33.0,,,,,,,,,,,,
2026-02-27,chatgpt-4o-latest-20250326,,,,,27.0,57.0,31.0,42.0,70.0,24.0,32.0,36.0,,,,,,,,,,,,
2026-02-27,glm-4.7,,,,,29.0,46.0,28.0,28.0,32.0,35.0,29.0,23.0,,,,,,,,,,,,
2026-02-27,gpt-5.1,,,,,30.0,31.0,33.0,36.0,43.0,32.0,31.0,32.0,,,,,,,,,,,,
2026-02-27,gpt-5.2,,,,,31.0,27.0,25.0,21.0,26.0,41.0,30.0,25.0,,,,,,,,,,,,
2026-02-27,qwen3-max-preview,,,,,32.0,22.0,30.0,30.0,24.0,45.0,33.0,30.0,,,,,,,,,,,,
2026-02-27,MoonshotAIkimi-k2.5-instant,,,,,33.0,29.0,24.0,15.0,27.0,42.0,23.0,26.0,,,,,,,,,,,,
2026-02-27,gpt-5-high,,,,,34.0,26.0,40.0,45.0,28.0,68.0,48.0,68.0,,,,,,,,,,,,
2026-02-27,o3-2025-04-16,,,,,35.0,42.0,48.0,57.0,19.0,58.0,62.0,74.0,,,,,,,,,,,,
2026-02-27,grok-4-1-fast-reasoning,,,,,36.0,56.0,46.0,60.0,51.0,34.0,65.0,58.0,,,,,,,,,,,,
2026-02-27,MoonshotAIkimi-k2-thinking-turbo,,,,,37.0,33.0,34.0,29.0,25.0,53.0,37.0,48.0,,,,,,,,,,,,
2026-02-27,gpt-5-chat,,,,,38.0,39.0,35.0,51.0,49.0,51.0,42.0,39.0,,,,,,,,,,,,
2026-02-27,glm-4.6,,,,,39.0,49.0,45.0,53.0,40.0,38.0,41.0,43.0,,,,,,,,,,,,
2026-02-27,qwen3-max-2025-09-23,,,,,40.0,67.0,36.0,33.0,31.0,50.0,43.0,44.0,,,,,,,,,,,,
2026-02-27,claude-opus-4-20250514-thinking-16k,,,,,41.0,38.0,32.0,22.0,45.0,22.0,21.0,17.0,,,,,,,,,,,,
2026-02-27,deepseek-v3.2-exp,,,,,42.0,62.0,38.0,46.0,41.0,36.0,40.0,35.0,,,,,,,,,,,,
2026-02-27,deepseek-v3.2-exp-thinking,,,,,43.0,41.0,41.0,37.0,35.0,52.0,44.0,46.0,,,,,,,,,,,,
2026-02-27,qwen3-235b-a22b-instruct-2507,,,,,44.0,34.0,37.0,40.0,37.0,60.0,38.0,42.0,,,,,,,,,,,,
2026-02-27,grok-4-fast-chat,,,,,45.0,59.0,55.0,59.0,33.0,62.0,59.0,56.0,,,,,,,,,,,,
2026-02-27,deepseek-v3.2-thinking,,,,,46.0,37.0,42.0,41.0,60.0,56.0,46.0,40.0,,,,,,,,,,,,
2026-02-27,deepseek-v3.2,,,,,47.0,40.0,43.0,48.0,36.0,40.0,36.0,38.0,,,,,,,,,,,,
2026-02-27,deepseek-r1-0528,,,,,48.0,69.0,54.0,49.0,78.0,55.0,71.0,73.0,,,,,,,,,,,,
2026-02-27,ernie-5.0-preview-1022,,,,,49.0,43.0,65.0,83.0,65.0,29.0,66.0,59.0,,,,,,,,,,,,
2026-02-27,deepseek-v3.1,,,,,50.0,53.0,56.0,68.0,47.0,49.0,57.0,54.0,,,,,,,,,,,,
2026-02-27,deepseek-v3.1-thinking,,,,,51.0,55.0,50.0,58.0,44.0,33.0,34.0,28.0,,,,,,,,,,,,
2026-02-27,MoonshotAIkimi-k2-0905-preview,,,,,52.0,70.0,52.0,44.0,50.0,67.0,79.0,81.0,,,,,,,,,,,,
2026-02-27,MoonshotAIkimi-k2-0711-preview,,,,,53.0,71.0,59.0,55.0,91.0,78.0,90.0,84.0,,,,,,,,,,,,
2026-02-27,deepseek-v3.1-terminus,,,,,54.0,,67.0,78.0,88.0,30.0,69.0,61.0,,,,,,,,,,,,
2026-02-27,deepseek-v3.1-terminus-thinking,,,,,55.0,,44.0,54.0,53.0,66.0,39.0,41.0,,,,,,,,,,,,
2026-02-27,amazon-nova-experimental-chat-26-01-10,,,,,56.0,21.0,39.0,31.0,67.0,90.0,52.0,55.0,,,,,,,,,,,,
2026-02-27,mistral-large-3,,,,,57.0,68.0,58.0,43.0,73.0,73.0,58.0,65.0,,,,,,,,,,,,
2026-02-27,qwen3-vl-235b-a22b-instruct,,,,,58.0,44.0,49.0,50.0,52.0,85.0,47.0,51.0,,,,,,,,,,,,
2026-02-27,gpt-4.1-2025-04-14,,,,,59.0,78.0,63.0,62.0,105.0,37.0,61.0,53.0,,,,,,,,,,,,
2026-02-27,claude-opus-4-20250514,,,,,60.0,50.0,53.0,52.0,72.0,28.0,49.0,29.0,,,,,,,,,,,,
2026-02-27,mistral-medium-2508,,,,,61.0,74.0,61.0,63.0,74.0,64.0,63.0,69.0,,,,,,,,,,,,
2026-02-27,grok-3-preview-02-24,,,,,62.0,76.0,64.0,72.0,104.0,39.0,53.0,49.0,,,,,,,,,,,,
2026-02-27,gemini-2.5-flash,,,,,63.0,60.0,71.0,98.0,57.0,43.0,56.0,57.0,,,,,,,,,,,,
2026-02-27,glm-4.5,,,,,64.0,47.0,57.0,65.0,48.0,70.0,55.0,60.0,,,,,,,,,,,,
2026-02-27,grok-4-0709,,,,,65.0,51.0,70.0,82.0,29.0,44.0,67.0,64.0,,,,,,,,,,,,
2026-02-27,claude-haiku-4-5-20251001,,,,,66.0,45.0,51.0,34.0,86.0,63.0,50.0,45.0,,,,,,,,,,,,
2026-02-27,gemini-2.5-flash-preview-09-2025,,,,,67.0,48.0,72.0,96.0,55.0,65.0,64.0,62.0,,,,,,,,,,,,
2026-02-27,grok-4-fast-reasoning,,,,,68.0,65.0,83.0,80.0,56.0,69.0,75.0,70.0,,,,,,,,,,,,
2026-02-27,qwen3-235b-a22b-no-thinking,,,,,69.0,90.0,69.0,70.0,83.0,76.0,83.0,66.0,,,,,,,,,,,,
2026-02-27,o1-2024-12-17,,,,,70.0,85.0,77.0,89.0,64.0,61.0,54.0,67.0,,,,,,,,,,,,
2026-02-27,qwen3-next-80b-a3b-instruct,,,,,71.0,92.0,68.0,69.0,38.0,127.0,85.0,87.0,,,,,,,,,,,,
2026-02-27,minimax-m2.5,,,,,72.0,32.0,62.0,32.0,54.0,80.0,60.0,63.0,,,,,,,,,,,,
2026-02-27,longcat-flash-chat,,,,,73.0,64.0,66.0,35.0,42.0,114.0,73.0,94.0,,,,,,,,,,,,
2026-02-27,claude-sonnet-4-20250514-thinking-32k,,,,,74.0,52.0,60.0,39.0,69.0,47.0,45.0,34.0,,,,,,,,,,,,
2026-02-27,qwen3-235b-a22b-thinking-2507,,,,,75.0,25.0,74.0,75.0,68.0,75.0,74.0,80.0,,,,,,,,,,,,
2026-02-27,deepseek-r1,,,,,76.0,87.0,75.0,71.0,62.0,72.0,68.0,82.0,,,,,,,,,,,,
2026-02-27,qwen3-vl-235b-a22b-thinking,,,,,77.0,61.0,76.0,61.0,63.0,102.0,82.0,79.0,,,,,,,,,,,,
2026-02-27,amazon-nova-experimental-chat-12-10,,,,,78.0,82.0,73.0,76.0,76.0,103.0,76.0,89.0,,,,,,,,,,,,
2026-02-27,deepseek-v3-0324,,,,,79.0,91.0,88.0,95.0,106.0,54.0,89.0,88.0,,,,,,,,,,,,
2026-02-27,hunyuan-vision-1.5-thinking,,,,,80.0,,80.0,81.0,,79.0,72.0,83.0,,,,,,,,,,,,
2026-02-27,mai-1-preview,,,,,81.0,79.0,90.0,92.0,84.0,89.0,92.0,85.0,,,,,,,,,,,,
2026-02-27,o4-mini-2025-04-16,,,,,82.0,77.0,89.0,91.0,46.0,104.0,98.0,114.0,,,,,,,,,,,,
2026-02-27,mimo-v2-flash (non-thinking),,,,,83.0,73.0,85.0,74.0,99.0,86.0,81.0,78.0,,,,,,,,,,,,
2026-02-27,gpt-5-mini-high,,,,,84.0,81.0,91.0,93.0,61.0,117.0,91.0,111.0,,,,,,,,,,,,
2026-02-27,funstep-3.5-flash,,,,,85.0,63.0,84.0,73.0,85.0,98.0,78.0,76.0,,,,,,,,,,,,
2026-02-27,claude-sonnet-4-20250514,,,,,86.0,86.0,78.0,67.0,93.0,57.0,70.0,52.0,,,,,,,,,,,,
2026-02-27,claude-3-7-sonnet-20250219-thinking-32k,,,,,87.0,75.0,79.0,66.0,94.0,48.0,51.0,50.0,,,,,,,,,,,,
2026-02-27,o1-preview,,,,,88.0,102.0,99.0,105.0,95.0,81.0,87.0,99.0,,,,,,,,,,,,
2026-02-27,mimo-v2-flash (thinking),,,,,89.0,66.0,81.0,86.0,103.0,109.0,86.0,77.0,,,,,,,,,,,,
2026-02-27,hunyuan-t1-20250711,,,,,90.0,80.0,94.0,116.0,71.0,59.0,88.0,91.0,,,,,,,,,,,,
2026-02-27,qwen3-coder-480b-a35b-instruct,,,,,91.0,103.0,82.0,64.0,102.0,84.0,80.0,75.0,,,,,,,,,,,,
2026-02-27,minimax-m2.1-preview,,,,,92.0,54.0,87.0,79.0,80.0,99.0,77.0,71.0,,,,,,,,,,,,
2026-02-27,mistral-medium-2505,,,,,93.0,101.0,95.0,90.0,123.0,83.0,103.0,90.0,,,,,,,,,,,,
2026-02-27,qwen3-30b-a3b-instruct-2507,,,,,94.0,93.0,86.0,77.0,97.0,118.0,99.0,97.0,,,,,,,,,,,,
2026-02-27,hunyuan-turbos-20250416,,,,,95.0,121.0,102.0,121.0,125.0,82.0,110.0,103.0,,,,,,,,,,,,
2026-02-27,gpt-4.1-mini-2025-04-14,,,,,96.0,99.0,93.0,88.0,120.0,95.0,94.0,92.0,,,,,,,,,,,,
2026-02-27,gemini-2.5-flash-lite-preview-09-2025-no-thinking,,,,,97.0,95.0,103.0,118.0,108.0,87.0,101.0,95.0,,,,,,,,,,,,
2026-02-27,glm-4.6v,,,,,98.0,,109.0,104.0,,92.0,97.0,98.0,,,,,,,,,,,,
2026-02-27,trinity-large,,,,,99.0,,96.0,100.0,,96.0,95.0,93.0,,,,,,,,,,,,
2026-02-27,qwen3-235b-a22b,,,,,100.0,98.0,101.0,85.0,79.0,115.0,108.0,102.0,,,,,,,,,,,,
2026-02-27,gemini-2.5-flash-lite-preview-06-17-thinking,,,,,101.0,110.0,110.0,136.0,109.0,74.0,93.0,101.0,,,,,,,,,,,,
2026-02-27,qwen2.5-max,,,,,102.0,107.0,105.0,115.0,110.0,91.0,107.0,96.0,,,,,,,,,,,,
2026-02-27,claude-3-5-sonnet-20241022,,,,,103.0,109.0,97.0,87.0,124.0,77.0,96.0,86.0,,,,,,,,,,,,
2026-02-27,glm-4.5-air,,,,,104.0,94.0,104.0,97.0,89.0,113.0,104.0,100.0,,,,,,,,,,,,
2026-02-27,claude-3-7-sonnet-20250219,,,,,105.0,97.0,98.0,94.0,118.0,71.0,84.0,72.0,,,,,,,,,,,,
2026-02-27,qwen3-next-80b-a3b-thinking,,,,,106.0,96.0,106.0,102.0,81.0,119.0,106.0,109.0,,,,,,,,,,,,
2026-02-27,minimax-m1,,,,,107.0,105.0,108.0,103.0,77.0,122.0,114.0,110.0,,,,,,,,,,,,
2026-02-27,glm-4.7-flash,,,,,108.0,100.0,107.0,99.0,112.0,132.0,116.0,112.0,,,,,,,,,,,,
2026-02-27,amazon-nova-experimental-chat-11-10,,,,,109.0,72.0,100.0,101.0,82.0,140.0,102.0,106.0,,,,,,,,,,,,
2026-02-27,gemma-3-27b-it,,,,,110.0,133.0,125.0,161.0,135.0,94.0,119.0,117.0,,,,,,,,,,,,
2026-02-27,o3-mini-high,,,,,111.0,89.0,92.0,84.0,66.0,129.0,100.0,108.0,,,,,,,,,,,,
2026-02-27,grok-3-mini-high,,,,,112.0,84.0,111.0,127.0,92.0,112.0,105.0,104.0,,,,,,,,,,,,
2026-02-27,gemini-2.0-flash-001,,,,,113.0,119.0,129.0,155.0,119.0,97.0,115.0,116.0,,,,,,,,,,,,
2026-02-27,deepseek-v3,,,,,114.0,124.0,139.0,130.0,143.0,93.0,117.0,107.0,,,,,,,,,,,,
2026-02-27,grok-3-mini-beta,,,,,115.0,104.0,119.0,132.0,107.0,108.0,109.0,115.0,,,,,,,,,,,,
2026-02-27,intellect-3,,,,,116.0,123.0,116.0,110.0,100.0,131.0,127.0,125.0,,,,,,,,,,,,
2026-02-27,mistral-small-2506,,,,,117.0,131.0,117.0,109.0,128.0,123.0,125.0,120.0,,,,,,,,,,,,
2026-02-27,gpt-oss-120b,,,,,118.0,116.0,126.0,123.0,96.0,169.0,133.0,159.0,,,,,,,,,,,,
2026-02-27,gemini-2.0-flash-lite-preview-02-05,,,,,119.0,135.0,142.0,178.0,133.0,100.0,132.0,128.0,,,,,,,,,,,,
2026-02-27,glm-4.5v,,,,,120.0,83.0,113.0,113.0,115.0,128.0,121.0,136.0,,,,,,,,,,,,
2026-02-27,command-a-03-2025,,,,,121.0,127.0,123.0,126.0,146.0,107.0,122.0,113.0,,,,,,,,,,,,
2026-02-27,gemini-1.5-pro-002,,,,,122.0,130.0,140.0,165.0,130.0,88.0,124.0,122.0,,,,,,,,,,,,
2026-02-27,amazon-nova-experimental-chat-10-20,,,,,123.0,108.0,114.0,108.0,87.0,167.0,112.0,124.0,,,,,,,,,,,,
2026-02-27,hunyuan-turbos-20250226,,,,,124.0,,121.0,117.0,155.0,143.0,111.0,123.0,,,,,,,,,,,,
2026-02-27,o3-mini,,,,,125.0,111.0,118.0,106.0,98.0,145.0,118.0,119.0,,,,,,,,,,,,
2026-02-27,amazon-nova-experimental-chat-10-09,,,,,126.0,,132.0,125.0,,155.0,141.0,147.0,,,,,,,,,,,,
2026-02-27,llama-3.1-nemotron-ultra-253b-v1,,,,,127.0,,115.0,122.0,101.0,111.0,113.0,140.0,,,,,,,,,,,,
2026-02-27,qwen3-32b,,,,,128.0,88.0,122.0,111.0,75.0,136.0,131.0,121.0,,,,,,,,,,,,
2026-02-27,minimax-m2,,,,,129.0,129.0,120.0,133.0,116.0,158.0,123.0,130.0,,,,,,,,,,,,
2026-02-27,ling-flash-2.0,,,,,130.0,114.0,124.0,107.0,117.0,182.0,142.0,158.0,,,,,,,,,,,,
2026-02-27,funstep-3,,,,,131.0,120.0,112.0,112.0,111.0,137.0,120.0,133.0,,,,,,,,,,,,
2026-02-27,qwen-plus-0125,,,,,132.0,106.0,136.0,139.0,134.0,126.0,129.0,118.0,,,,,,,,,,,,
2026-02-27,gpt-4o-2024-05-13,,,,,133.0,150.0,150.0,148.0,151.0,105.0,137.0,153.0,,,,,,,,,,,,
2026-02-27,glm-4-plus-0111,,,,,134.0,152.0,167.0,188.0,157.0,124.0,147.0,141.0,,,,,,,,,,,,
2026-02-27,claude-3-5-sonnet-20240620,,,,,135.0,128.0,133.0,119.0,129.0,142.0,126.0,126.0,,,,,,,,,,,,
2026-02-27,gemma-3-12b-it,,,,,136.0,184.0,156.0,193.0,138.0,110.0,140.0,132.0,,,,,,,,,,,,
2026-02-27,nvidia-llama-3.3-nemotron-super-49b-v1.5,,,,,137.0,115.0,127.0,114.0,90.0,134.0,139.0,129.0,,,,,,,,,,,,
2026-02-27,hunyuan-turbo-0110,,,,,138.0,,141.0,144.0,177.0,144.0,149.0,138.0,,,,,,,,,,,,
2026-02-27,gpt-5-nano-high,,,,,139.0,118.0,135.0,138.0,126.0,198.0,134.0,155.0,,,,,,,,,,,,
2026-02-27,nova-2-lite,,,,,140.0,113.0,128.0,120.0,132.0,175.0,128.0,143.0,,,,,,,,,,,,
2026-02-27,o1-mini,,,,,141.0,122.0,131.0,129.0,114.0,170.0,130.0,134.0,,,,,,,,,,,,
2026-02-27,qwq-32b,,,,,142.0,112.0,134.0,134.0,113.0,151.0,136.0,146.0,,,,,,,,,,,,
2026-02-27,llama-3.1-405b-instruct-bf16,,,,,143.0,155.0,147.0,141.0,139.0,146.0,156.0,161.0,,,,,,,,,,,,
2026-02-27,grok-2-2024-08-13,,,,,144.0,147.0,166.0,163.0,163.0,125.0,157.0,150.0,,,,,,,,,,,,
2026-02-27,gpt-4o-2024-08-06,,,,,145.0,151.0,164.0,160.0,147.0,116.0,143.0,144.0,,,,,,,,,,,,
2026-02-27,gemini-advanced-0514,,,,,146.0,169.0,168.0,184.0,154.0,101.0,150.0,167.0,,,,,,,,,,,,
2026-02-27,funstep-2-16k-exp-202412,,,,,147.0,136.0,148.0,145.0,140.0,106.0,144.0,137.0,,,,,,,,,,,,
2026-02-27,llama-3.1-405b-instruct-fp8,,,,,148.0,141.0,151.0,152.0,137.0,139.0,155.0,172.0,,,,,,,,,,,,
2026-02-27,olmo-3.1-32b-instruct,,,,,149.0,132.0,137.0,135.0,152.0,162.0,138.0,142.0,,,,,,,,,,,,
2026-02-27,molmo-2-8b,,,,,150.0,,146.0,,,,161.0,,,,,,,,,,,,,
2026-02-27,yi-lightning,,,,,151.0,134.0,145.0,147.0,148.0,150.0,160.0,165.0,,,,,,,,,,,,
2026-02-27,qwen3-30b-a3b,,,,,152.0,126.0,143.0,128.0,121.0,160.0,153.0,139.0,,,,,,,,,,,,
2026-02-27,llama-4-maverick-17b-128e-instruct,,,,,153.0,137.0,149.0,143.0,136.0,133.0,152.0,149.0,,,,,,,,,,,,
2026-02-27,llama-3.3-nemotron-49b-super-v1,,,,,154.0,,130.0,158.0,,148.0,135.0,148.0,,,,,,,,,,,,
2026-02-27,hunyuan-large-2025-02-10,,,,,155.0,138.0,157.0,153.0,162.0,138.0,146.0,105.0,,,,,,,,,,,,
2026-02-27,gpt-4-turbo-2024-04-09,,,,,156.0,166.0,178.0,175.0,160.0,121.0,165.0,175.0,,,,,,,,,,,,
2026-02-27,claude-3-5-haiku-20241022,,,,,157.0,149.0,144.0,137.0,174.0,141.0,154.0,135.0,,,,,,,,,,,,
2026-02-27,deepseek-v2.5-1210,,,,,158.0,156.0,160.0,140.0,164.0,130.0,148.0,145.0,,,,,,,,,,,,
2026-02-27,gemini-1.5-pro-001,,,,,159.0,143.0,163.0,174.0,161.0,120.0,159.0,127.0,,,,,,,,,,,,
2026-02-27,llama-4-scout-17b-16e-instruct,,,,,160.0,153.0,159.0,159.0,141.0,154.0,168.0,156.0,,,,,,,,,,,,
2026-02-27,funstep-1o-turbo-202506,,,,,161.0,162.0,152.0,167.0,150.0,152.0,151.0,131.0,,,,,,,,,,,,
2026-02-27,claude-3-opus-20240229,,,,,162.0,144.0,161.0,169.0,144.0,159.0,158.0,157.0,,,,,,,,,,,,
2026-02-27,gpt-4.1-nano-2025-04-14,,,,,163.0,146.0,154.0,142.0,182.0,135.0,166.0,160.0,,,,,,,,,,,,
2026-02-27,ring-flash-2.0,,,,,164.0,117.0,138.0,124.0,127.0,193.0,145.0,154.0,,,,,,,,,,,,
2026-02-27,glm-4-plus,,,,,165.0,159.0,175.0,171.0,171.0,157.0,167.0,164.0,,,,,,,,,,,,
2026-02-27,llama-3.3-70b-instruct,,,,,166.0,165.0,171.0,177.0,159.0,163.0,178.0,178.0,,,,,,,,,,,,
2026-02-27,gemma-3n-e4b-it,,,,,167.0,178.0,179.0,200.0,191.0,147.0,183.0,177.0,,,,,,,,,,,,
2026-02-27,qwen-max-0919,,,,,168.0,161.0,176.0,170.0,165.0,166.0,164.0,162.0,,,,,,,,,,,,
2026-02-27,gpt-4o-mini-2024-07-18,,,,,169.0,175.0,183.0,173.0,181.0,153.0,176.0,163.0,,,,,,,,,,,,
2026-02-27,gpt-oss-20b,,,,,170.0,142.0,172.0,150.0,131.0,210.0,189.0,186.0,,,,,,,,,,,,
2026-02-27,nvidia-nemotron-3-nano-30b-a3b-bf16,,,,,171.0,125.0,158.0,156.0,122.0,199.0,173.0,192.0,,,,,,,,,,,,
2026-02-27,qwen2.5-plus-1127,,,,,172.0,139.0,162.0,164.0,149.0,179.0,171.0,180.0,,,,,,,,,,,,
2026-02-27,athene-v2-chat,,,,,173.0,148.0,153.0,146.0,142.0,195.0,162.0,171.0,,,,,,,,,,,,
2026-02-27,mistral-large-2407,,,,,174.0,160.0,174.0,168.0,170.0,161.0,169.0,185.0,,,,,,,,,,,,
2026-02-27,gpt-4-0125-preview,,,,,175.0,179.0,187.0,189.0,156.0,171.0,182.0,181.0,,,,,,,,,,,,
2026-02-27,gpt-4-1106-preview,,,,,176.0,173.0,182.0,183.0,153.0,165.0,174.0,189.0,,,,,,,,,,,,
2026-02-27,hunyuan-standard-2025-02-10,,,,,177.0,171.0,184.0,187.0,167.0,174.0,185.0,152.0,,,,,,,,,,,,
2026-02-27,gemini-1.5-flash-002,,,,,178.0,177.0,192.0,195.0,169.0,149.0,180.0,168.0,,,,,,,,,,,,
2026-02-27,mercury,,,,,179.0,,169.0,151.0,,214.0,192.0,182.0,,,,,,,,,,,,
2026-02-27,grok-2-mini-2024-08-13,,,,,180.0,170.0,189.0,185.0,185.0,180.0,184.0,174.0,,,,,,,,,,,,
2026-02-27,deepseek-v2.5,,,,,181.0,164.0,170.0,149.0,172.0,185.0,179.0,176.0,,,,,,,,,,,,
2026-02-27,athene-70b-0725,,,,,182.0,163.0,181.0,172.0,195.0,181.0,190.0,193.0,,,,,,,,,,,,
2026-02-27,olmo-3-32b-think,,,,,183.0,145.0,165.0,154.0,145.0,184.0,170.0,169.0,,,,,,,,,,,,
2026-02-27,mistral-large-2411,,,,,184.0,185.0,180.0,176.0,175.0,176.0,175.0,184.0,,,,,,,,,,,,
2026-02-27,magistral-medium-2506,,,,,185.0,174.0,155.0,131.0,168.0,172.0,163.0,151.0,,,,,,,,,,,,
2026-02-27,mistral-small-3.1-24b-instruct-2503,,,,,186.0,154.0,173.0,157.0,179.0,178.0,172.0,166.0,,,,,,,,,,,,
2026-02-27,gemma-3-4b-it,,,,,187.0,194.0,200.0,223.0,198.0,177.0,197.0,179.0,,,,,,,,,,,,
2026-02-27,qwen2.5-72b-instruct,,,,,188.0,167.0,177.0,166.0,158.0,194.0,177.0,173.0,,,,,,,,,,,,
2026-02-27,llama-3.1-nemotron-70b-instruct,,,,,189.0,168.0,185.0,190.0,178.0,173.0,186.0,201.0,,,,,,,,,,,,
2026-02-27,hunyuan-large-vision,,,,,190.0,157.0,188.0,162.0,173.0,164.0,181.0,170.0,,,,,,,,,,,,
2026-02-27,llama-3.1-70b-instruct,,,,,191.0,183.0,195.0,186.0,190.0,192.0,193.0,191.0,,,,,,,,,,,,
2026-02-27,amazon-nova-pro-v1.0,,,,,192.0,182.0,193.0,179.0,189.0,208.0,191.0,187.0,,,,,,,,,,,,
2026-02-27,jamba-1.5-large,,,,,193.0,176.0,201.0,199.0,205.0,190.0,199.0,218.0,,,,,,,,,,,,
2026-02-27,gemma-2-27b-it,,,,,194.0,197.0,203.0,208.0,207.0,156.0,196.0,190.0,,,,,,,,,,,,
2026-02-27,reka-core-20240904,,,,,195.0,172.0,205.0,196.0,203.0,183.0,203.0,204.0,,,,,,,,,,,,
2026-02-27,ibm-granite-h-small,,,,,196.0,158.0,194.0,191.0,180.0,205.0,198.0,196.0,,,,,,,,,,,,
2026-02-27,gpt-4-0314,,,,,197.0,192.0,190.0,192.0,176.0,197.0,188.0,206.0,,,,,,,,,,,,
2026-02-27,llama-3.1-tulu-3-70b,,,,,198.0,,210.0,204.0,193.0,200.0,194.0,208.0,,,,,,,,,,,,
2026-02-27,llama-3.1-nemotron-51b-instruct,,,,,199.0,199.0,204.0,201.0,186.0,189.0,204.0,210.0,,,,,,,,,,,,
2026-02-27,gemini-1.5-flash-001,,,,,200.0,188.0,196.0,202.0,197.0,187.0,202.0,188.0,,,,,,,,,,,,
2026-02-27,olmo-3.1-32b-think,,,,,201.0,140.0,186.0,182.0,166.0,201.0,187.0,183.0,,,,,,,,,,,,
2026-02-27,claude-3-sonnet-20240229,,,,,202.0,186.0,202.0,194.0,199.0,202.0,200.0,200.0,,,,,,,,,,,,
2026-02-27,gemma-2-9b-it-simpo,,,,,203.0,211.0,212.0,229.0,229.0,168.0,210.0,195.0,,,,,,,,,,,,
2026-02-27,nemotron-4-340b-instruct,,,,,204.0,196.0,206.0,205.0,200.0,207.0,205.0,197.0,,,,,,,,,,,,
2026-02-27,command-r-plus-08-2024,,,,,205.0,202.0,220.0,220.0,211.0,188.0,209.0,202.0,,,,,,,,,,,,
2026-02-27,llama-3-70b-instruct,,,,,206.0,204.0,207.0,209.0,196.0,196.0,206.0,222.0,,,,,,,,,,,,
2026-02-27,gpt-4-0613,,,,,207.0,201.0,198.0,198.0,184.0,186.0,195.0,205.0,,,,,,,,,,,,
2026-02-27,mistral-small-24b-instruct-2501,,,,,208.0,193.0,199.0,197.0,194.0,212.0,207.0,203.0,,,,,,,,,,,,
2026-02-27,glm-4-0520,,,,,209.0,198.0,209.0,203.0,202.0,204.0,208.0,211.0,,,,,,,,,,,,
2026-02-27,reka-flash-20240904,,,,,210.0,181.0,216.0,215.0,208.0,203.0,213.0,216.0,,,,,,,,,,,,
2026-02-27,qwen2.5-coder-32b-instruct,,,,,211.0,180.0,191.0,180.0,187.0,223.0,201.0,198.0,,,,,,,,,,,,
2026-02-27,c4ai-aya-expanse-32b,,,,,212.0,190.0,215.0,214.0,209.0,211.0,212.0,194.0,,,,,,,,,,,,
2026-02-27,gemma-2-9b-it,,,,,213.0,208.0,222.0,231.0,219.0,191.0,217.0,214.0,,,,,,,,,,,,
2026-02-27,deepseek-coder-v2,,,,,214.0,189.0,197.0,181.0,188.0,224.0,211.0,199.0,,,,,,,,,,,,
2026-02-27,command-r-plus,,,,,215.0,206.0,224.0,230.0,223.0,209.0,220.0,219.0,,,,,,,,,,,,
2026-02-27,qwen2-72b-instruct,,,,,216.0,195.0,211.0,212.0,183.0,215.0,219.0,220.0,,,,,,,,,,,,
2026-02-27,claude-3-haiku-20240307,,,,,217.0,200.0,217.0,211.0,210.0,218.0,218.0,215.0,,,,,,,,,,,,
2026-02-27,amazon-nova-lite-v1.0,,,,,218.0,191.0,213.0,207.0,204.0,216.0,215.0,207.0,,,,,,,,,,,,
2026-02-27,gemini-1.5-flash-8b-001,,,,,219.0,205.0,221.0,228.0,212.0,206.0,221.0,213.0,,,,,,,,,,,,
2026-02-27,Azurephi-4,,,,,220.0,187.0,208.0,206.0,192.0,220.0,214.0,212.0,,,,,,,,,,,,
2026-02-27,olmo-2-0325-32b-instruct,,,,,221.0,,219.0,219.0,213.0,213.0,224.0,226.0,,,,,,,,,,,,
2026-02-27,command-r-08-2024,,,,,222.0,213.0,223.0,218.0,228.0,222.0,223.0,217.0,,,,,,,,,,,,
2026-02-27,mistral-large-2402,,,,,223.0,215.0,218.0,213.0,206.0,221.0,222.0,225.0,,,,,,,,,,,,
2026-02-27,amazon-nova-micro-v1.0,,,,,224.0,203.0,227.0,216.0,215.0,226.0,226.0,223.0,,,,,,,,,,,,
2026-02-27,jamba-1.5-mini,,,,,225.0,225.0,230.0,232.0,247.0,219.0,236.0,238.0,,,,,,,,,,,,
2026-02-27,ministral-8b-2410,,,,,226.0,207.0,225.0,225.0,221.0,217.0,229.0,221.0,,,,,,,,,,,,
2026-02-27,gemini-pro-dev-api,,,,,227.0,236.0,234.0,249.0,242.0,225.0,234.0,233.0,,,,,,,,,,,,
2026-02-27,qwen1.5-110b-chat,,,,,228.0,214.0,226.0,221.0,216.0,233.0,225.0,230.0,,,,,,,,,,,,
2026-02-27,hunyuan-standard-256k,,,,,229.0,,214.0,210.0,201.0,230.0,216.0,209.0,,,,,,,,,,,,
2026-02-27,reka-flash-21b-20240226-online,,,,,230.0,217.0,232.0,222.0,224.0,241.0,237.0,241.0,,,,,,,,,,,,
2026-02-27,qwen1.5-72b-chat,,,,,231.0,210.0,229.0,226.0,225.0,236.0,231.0,227.0,,,,,,,,,,,,
2026-02-27,mixtral-8x22b-instruct-v0.1,,,,,232.0,222.0,228.0,224.0,214.0,234.0,228.0,239.0,,,,,,,,,,,,
2026-02-27,command-r,,,,,233.0,224.0,249.0,247.0,248.0,231.0,238.0,228.0,,,,,,,,,,,,
2026-02-27,reka-flash-21b-20240226,,,,,234.0,223.0,233.0,233.0,233.0,243.0,244.0,240.0,,,,,,,,,,,,
2026-02-27,gpt-3.5-turbo-0125,,,,,235.0,232.0,238.0,227.0,234.0,237.0,230.0,236.0,,,,,,,,,,,,
2026-02-27,llama-3-8b-instruct,,,,,236.0,227.0,246.0,240.0,243.0,229.0,243.0,242.0,,,,,,,,,,,,
2026-02-27,c4ai-aya-expanse-8b,,,,,237.0,212.0,236.0,238.0,232.0,235.0,235.0,224.0,,,,,,,,,,,,
2026-02-27,mistral-medium,,,,,238.0,216.0,231.0,234.0,217.0,232.0,232.0,237.0,,,,,,,,,,,,
2026-02-27,gemini-pro,,,,,239.0,,237.0,245.0,237.0,240.0,227.0,,,,,,,,,,,,,
2026-02-27,llama-3.1-tulu-3-8b,,,,,240.0,,242.0,239.0,227.0,228.0,233.0,231.0,,,,,,,,,,,,
2026-02-27,yi-1.5-34b-chat,,,,,241.0,219.0,241.0,244.0,222.0,248.0,245.0,243.0,,,,,,,,,,,,
2026-02-27,HuggingFacezephyr-orpo-141b-A35b-v0.1,,,,,242.0,239.0,248.0,246.0,238.0,246.0,242.0,251.0,,,,,,,,,,,,
2026-02-27,llama-3.1-8b-instruct,,,,,243.0,230.0,243.0,237.0,245.0,242.0,239.0,232.0,,,,,,,,,,,,
2026-02-27,granite-3.1-8b-instruct,,,,,244.0,209.0,235.0,217.0,244.0,245.0,241.0,229.0,,,,,,,,,,,,
2026-02-27,qwen1.5-32b-chat,,,,,245.0,218.0,244.0,235.0,231.0,274.0,247.0,235.0,,,,,,,,,,,,
2026-02-27,gpt-3.5-turbo-1106,,,,,246.0,226.0,239.0,236.0,230.0,253.0,240.0,250.0,,,,,,,,,,,,
2026-02-27,gemma-2-2b-it,,,,,247.0,240.0,260.0,267.0,253.0,239.0,252.0,248.0,,,,,,,,,,,,
2026-02-27,Azurephi-3-medium-4k-instruct,,,,,248.0,228.0,250.0,253.0,220.0,254.0,250.0,247.0,,,,,,,,,,,,
2026-02-27,mixtral-8x7b-instruct-v0.1,,,,,249.0,231.0,251.0,251.0,246.0,249.0,248.0,254.0,,,,,,,,,,,,
2026-02-27,dbrx-instruct-preview,,,,,250.0,234.0,247.0,241.0,239.0,247.0,246.0,249.0,,,,,,,,,,,,
2026-02-27,internlm2_5-20b-chat,,,,,251.0,220.0,240.0,243.0,226.0,272.0,249.0,245.0,,,,,,,,,,,,
2026-02-27,qwen1.5-14b-chat,,,,,252.0,233.0,253.0,250.0,250.0,263.0,255.0,246.0,,,,,,,,,,,,
2026-02-27,Azurewizardlm-70b,,,,,253.0,,267.0,269.0,255.0,227.0,256.0,255.0,,,,,,,,,,,,
2026-02-27,deepseek-llm-67b-chat,,,,,254.0,,266.0,257.0,258.0,270.0,257.0,252.0,,,,,,,,,,,,
2026-02-27,yi-34b-chat,,,,,255.0,247.0,261.0,262.0,260.0,251.0,263.0,258.0,,,,,,,,,,,,
2026-02-27,OpenChatopenchat-3.5-0106,,,,,256.0,243.0,258.0,254.0,256.0,257.0,259.0,259.0,,,,,,,,,,,,
2026-02-27,OpenChatopenchat-3.5,,,,,257.0,245.0,265.0,264.0,271.0,238.0,262.0,253.0,,,,,,,,,,,,
2026-02-27,granite-3.0-8b-instruct,,,,,258.0,229.0,252.0,248.0,236.0,266.0,254.0,244.0,,,,,,,,,,,,
2026-02-27,gemma-1.1-7b-it,,,,,259.0,241.0,255.0,256.0,257.0,256.0,260.0,261.0,,,,,,,,,,,,
2026-02-27,Snowflakesnowflake-arctic-instruct,,,,,260.0,244.0,259.0,255.0,252.0,260.0,265.0,277.0,,,,,,,,,,,,
2026-02-27,granite-3.1-2b-instruct,,,,,261.0,221.0,245.0,242.0,235.0,255.0,251.0,234.0,,,,,,,,,,,,
2026-02-27,tulu-2-dpo-70b,,,,,262.0,,257.0,258.0,263.0,258.0,253.0,257.0,,,,,,,,,,,,
2026-02-27,openhermes-2.5-mistral-7b,,,,,263.0,,262.0,271.0,262.0,250.0,264.0,271.0,,,,,,,,,,,,
2026-02-27,vicuna-33b,,,,,264.0,250.0,271.0,268.0,273.0,244.0,268.0,275.0,,,,,,,,,,,,
2026-02-27,starling-lm-7b-beta,,,,,265.0,238.0,254.0,252.0,254.0,279.0,267.0,260.0,,,,,,,,,,,,
2026-02-27,Azurephi-3-small-8k-instruct,,,,,266.0,242.0,256.0,263.0,241.0,271.0,258.0,263.0,,,,,,,,,,,,
2026-02-27,llama-2-70b-chat,,,,,267.0,254.0,272.0,274.0,265.0,277.0,270.0,273.0,,,,,,,,,,,,
2026-02-27,starling-lm-7b-alpha,,,,,268.0,253.0,270.0,261.0,267.0,265.0,269.0,265.0,,,,,,,,,,,,
2026-02-27,llama-3.2-3b-instruct,,,,,269.0,235.0,269.0,275.0,251.0,259.0,266.0,264.0,,,,,,,,,,,,
2026-02-27,nous-hermes-2-mixtral-8x7b-dpo,,,,,270.0,,290.0,276.0,282.0,267.0,286.0,280.0,,,,,,,,,,,,
2026-02-27,qwq-32b-preview,,,,,271.0,246.0,268.0,277.0,218.0,278.0,261.0,256.0,,,,,,,,,,,,
2026-02-27,granite-3.0-2b-instruct,,,,,272.0,237.0,263.0,260.0,249.0,284.0,273.0,267.0,,,,,,,,,,,,
2026-02-27,llama2-70b-steerlm-chat,,,,,273.0,,283.0,291.0,275.0,276.0,275.0,293.0,,,,,,,,,,,,
2026-02-27,solar-10.7b-instruct-v1.0,,,,,274.0,,274.0,273.0,278.0,262.0,281.0,,,,,,,,,,,,,
2026-02-27,dolphin-2.2.1-mistral-7b,,,,,275.0,,277.0,,268.0,269.0,274.0,,,,,,,,,,,,,
2026-02-27,mpt-30b-chat,,,,,276.0,,275.0,280.0,281.0,273.0,271.0,,,,,,,,,,,,,
2026-02-27,mistral-7b-instruct-v0.2,,,,,277.0,252.0,276.0,272.0,266.0,280.0,278.0,274.0,,,,,,,,,,,,
2026-02-27,Azurewizardlm-13b,,,,,278.0,,295.0,289.0,291.0,261.0,279.0,266.0,,,,,,,,,,,,
2026-02-27,falcon-180b-chat,,,,,279.0,,291.0,,,252.0,272.0,,,,,,,,,,,,,
2026-02-27,qwen1.5-7b-chat,,,,,280.0,249.0,281.0,259.0,272.0,296.0,277.0,262.0,,,,,,,,,,,,
2026-02-27,Azurephi-3-mini-4k-instruct-june-2024,,,,,281.0,248.0,264.0,266.0,240.0,285.0,276.0,283.0,,,,,,,,,,,,
2026-02-27,llama-2-13b-chat,,,,,282.0,256.0,285.0,283.0,277.0,286.0,285.0,270.0,,,,,,,,,,,,
2026-02-27,vicuna-13b,,,,,283.0,258.0,288.0,282.0,287.0,275.0,282.0,268.0,,,,,,,,,,,,
2026-02-27,qwen-14b-chat,,,,,284.0,,284.0,265.0,270.0,281.0,280.0,278.0,,,,,,,,,,,,
2026-02-27,palm-2,,,,,285.0,,282.0,287.0,276.0,293.0,284.0,272.0,,,,,,,,,,,,
2026-02-27,codellama-34b-instruct,,,,,286.0,,287.0,285.0,279.0,292.0,288.0,286.0,,,,,,,,,,,,
2026-02-27,gemma-7b-it,,,,,287.0,257.0,278.0,279.0,274.0,283.0,289.0,281.0,,,,,,,,,,,,
2026-02-27,HuggingFacezephyr-7b-beta,,,,,288.0,260.0,293.0,288.0,286.0,264.0,294.0,284.0,,,,,,,,,,,,
2026-02-27,Azurephi-3-mini-128k-instruct,,,,,289.0,262.0,289.0,286.0,264.0,294.0,291.0,291.0,,,,,,,,,,,,
2026-02-27,Azurephi-3-mini-4k-instruct,,,,,290.0,251.0,279.0,270.0,261.0,299.0,283.0,282.0,,,,,,,,,,,,
2026-02-27,guanaco-33b,,,,,291.0,,299.0,297.0,289.0,268.0,302.0,,,,,,,,,,,,,
2026-02-27,HuggingFacezephyr-7b-alpha,,,,,292.0,,292.0,281.0,,282.0,290.0,,,,,,,,,,,,,
2026-02-27,stripedhyena-nous-7b,,,,,293.0,,298.0,296.0,285.0,291.0,295.0,292.0,,,,,,,,,,,,
2026-02-27,codellama-70b-instruct,,,,,294.0,,273.0,,,,293.0,,,,,,,,,,,,,
2026-02-27,vicuna-7b,,,,,295.0,,300.0,294.0,293.0,290.0,298.0,269.0,,,,,,,,,,,,
2026-02-27,HuggingFacesmollm2-1.7b-instruct,,,,,296.0,,280.0,284.0,259.0,297.0,287.0,276.0,,,,,,,,,,,,
2026-02-27,gemma-1.1-2b-it,,,,,297.0,259.0,286.0,278.0,280.0,287.0,292.0,279.0,,,,,,,,,,,,
2026-02-27,llama-3.2-1b-instruct,,,,,298.0,263.0,294.0,290.0,269.0,295.0,296.0,285.0,,,,,,,,,,,,
2026-02-27,mistral-7b-instruct,,,,,299.0,264.0,296.0,292.0,288.0,288.0,297.0,287.0,,,,,,,,,,,,
2026-02-27,llama-2-7b-chat,,,,,300.0,255.0,301.0,299.0,283.0,300.0,299.0,290.0,,,,,,,,,,,,
2026-02-27,gemma-2b-it,,,,,301.0,,297.0,293.0,290.0,298.0,300.0,288.0,,,,,,,,,,,,
2026-02-27,qwen1.5-4b-chat,,,,,302.0,261.0,302.0,295.0,284.0,303.0,301.0,289.0,,,,,,,,,,,,
2026-02-27,olmo-7b-instruct,,,,,303.0,,303.0,298.0,292.0,307.0,305.0,,,,,,,,,,,,,
2026-02-27,koala-13b,,,,,304.0,,306.0,301.0,299.0,304.0,306.0,,,,,,,,,,,,,
2026-02-27,alpaca-13b,,,,,305.0,,311.0,308.0,296.0,289.0,307.0,,,,,,,,,,,,,
2026-02-27,gpt4all-13b-snoozy,,,,,306.0,,304.0,,295.0,301.0,303.0,,,,,,,,,,,,,
2026-02-27,mpt-7b-chat,,,,,307.0,,307.0,302.0,297.0,302.0,308.0,,,,,,,,,,,,,
2026-02-27,chatglm3-6b,,,,,308.0,,305.0,300.0,294.0,305.0,304.0,294.0,,,,,,,,,,,,
2026-02-27,RWKVRWKV-4-Raven-14B,,,,,309.0,,310.0,303.0,298.0,309.0,312.0,,,,,,,,,,,,,
2026-02-27,chatglm2-6b,,,,,310.0,,308.0,306.0,301.0,308.0,310.0,,,,,,,,,,,,,
2026-02-27,oasst-pythia-12b,,,,,311.0,,309.0,304.0,302.0,306.0,309.0,,,,,,,,,,,,,
2026-02-27,chatglm-6b,,,,,312.0,,312.0,305.0,300.0,312.0,311.0,,,,,,,,,,,,,
2026-02-27,fastchat-t5-3b,,,,,313.0,,315.0,310.0,304.0,310.0,313.0,,,,,,,,,,,,,
2026-02-27,dolly-v2-12b,,,,,314.0,,313.0,309.0,303.0,311.0,314.0,,,,,,,,,,,,,
2026-02-27,llama-13b,,,,,315.0,,316.0,311.0,305.0,314.0,315.0,,,,,,,,,,,,,
2026-02-27,stablelm-tuned-alpha-7b,,,,,316.0,,314.0,307.0,306.0,313.0,316.0,,,,,,,,,,,,,
2026-02-27,ernie-5.0-preview-1103,,,,,,,,,,,,,,,,,,,,,,,,
